{"cameraMode":{"drawMode":0,"name":"Shaded","section":"Shading Mode"},"sceneLighting":true,"audioPlay":false,"sceneViewState":{"m_AlwaysRefresh":false,"showFog":true,"showSkybox":true,"showFlares":true,"showImageEffects":true,"showParticleSystems":true,"showVisualEffectGraphs":true,"m_FxEnabled":true},"in2DMode":false,"pivot":{"x":3.8619630336761476,"y":-84.25495147705078,"z":11.051018714904786},"rotation":{"x":0.6367697715759277,"y":-0.004861579742282629,"z":0.004044143483042717,"w":0.7710517048835754},"size":61.627620697021487,"orthographic":false}