{"cameraMode":{"drawMode":0,"name":"Shaded","section":"Shading Mode"},"sceneLighting":true,"audioPlay":false,"sceneViewState":{"m_AlwaysRefresh":false,"showFog":true,"showSkybox":true,"showFlares":true,"showImageEffects":true,"showParticleSystems":true,"showVisualEffectGraphs":true,"m_FxEnabled":true},"in2DMode":false,"pivot":{"x":0.14342518150806428,"y":2.4263696670532228,"z":-4.451944351196289},"rotation":{"x":0.033314693719148639,"y":0.1872217357158661,"z":-0.006235640961676836,"w":0.9817917943000794},"size":0.025998422876000406,"orthographic":false}