{"cameraMode":{"drawMode":0,"name":"Shaded","section":"Shading Mode"},"sceneLighting":true,"audioPlay":false,"sceneViewState":{"m_AlwaysRefresh":false,"showFog":true,"showSkybox":true,"showFlares":true,"showImageEffects":true,"showParticleSystems":true,"showVisualEffectGraphs":true,"m_FxEnabled":true},"in2DMode":false,"pivot":{"x":-10.977408409118653,"y":3.2103865146636965,"z":-13.698709487915039},"rotation":{"x":-0.11373231559991837,"y":0.3303942382335663,"z":-0.040145985782146457,"w":-0.9361522197723389},"size":0.02693139761686325,"orthographic":false}