{"cameraMode":{"drawMode":0,"name":"Shaded","section":"Shading Mode"},"sceneLighting":true,"audioPlay":false,"sceneViewState":{"m_AlwaysRefresh":false,"showFog":true,"showSkybox":true,"showFlares":true,"showImageEffects":true,"showParticleSystems":true,"showVisualEffectGraphs":true,"m_FxEnabled":true},"in2DMode":false,"pivot":{"x":2.4096505641937258,"y":16.7936954498291,"z":-36.76675796508789},"rotation":{"x":-0.00414923345670104,"y":-0.5879468321800232,"z":-0.0029706857167184355,"w":0.8089235424995422},"size":0.023989276960492135,"orthographic":false}