{"cameraMode":{"drawMode":0,"name":"Shaded","section":"Shading Mode"},"sceneLighting":true,"audioPlay":false,"sceneViewState":{"m_AlwaysRefresh":false,"showFog":true,"showSkybox":true,"showFlares":true,"showImageEffects":true,"showParticleSystems":true,"showVisualEffectGraphs":true,"m_FxEnabled":true},"in2DMode":false,"pivot":{"x":8.642204284667969,"y":-7.5822858810424809,"z":-30.844066619873048},"rotation":{"x":-0.004193214233964682,"y":0.9853269457817078,"z":-0.16894368827342988,"w":-0.02452246844768524},"size":16.028886795043947,"orthographic":false}