{"cameraMode":{"drawMode":0,"name":"Shaded","section":"Shading Mode"},"sceneLighting":true,"audioPlay":false,"sceneViewState":{"m_AlwaysRefresh":false,"showFog":true,"showSkybox":true,"showFlares":true,"showImageEffects":true,"showParticleSystems":true,"showVisualEffectGraphs":true,"m_FxEnabled":true},"in2DMode":false,"pivot":{"x":4.0736212730407719,"y":6.039629936218262,"z":7.357200622558594},"rotation":{"x":0.05006737634539604,"y":-0.014522934332489968,"z":-0.0016067969845607877,"w":-0.9987379312515259},"size":3.2549610137939455,"orthographic":false}